-- =============================================================================
-- 销售商机互助平台 · 种子数据（dev 初始化，起库即用）
-- 依赖：先执行 schema.sql。本文件仅 dev 用；生产由运营在页面维护。
-- id 说明：正式运行 id 由 IdType.ASSIGN_ID(雪花) 生成；此处为 dev 固定 id 便于外键引用与复现。
--   分类 id 取自前端 category.json 权威树的 CAT 编码去前缀（CAT01→1、CAT0101→101、CAT010101→10101）。
-- 幂等：可重复执行（先删后插同 id 区间）。
-- =============================================================================
USE `sales_lead_hub_server`;
SET NAMES utf8mb4;

-- ---------- 分类树（权威源 = 前端 category.json，14 条） ----------
DELETE FROM `category` WHERE `id` IN (1,2,3,4,101,102,103,104,10101,10102,201,202,301,302);
INSERT INTO `category` (`id`,`name`,`name_en`,`parent_id`,`sort_order`,`is_active`,`create_time`,`update_time`) VALUES
 (1,       'IoT 模组',    'IoT Module',        NULL, 1, 1, '2026-07-01 00:00:00','2026-07-01 00:00:00'),
 (2,       '车载方案',    'Automotive',        NULL, 2, 1, '2026-07-01 00:00:00','2026-07-01 00:00:00'),
 (3,       '行业方案',    'Industry Solution', NULL, 3, 1, '2026-07-01 00:00:00','2026-07-01 00:00:00'),
 (4,       '天线产品',    'Antenna',           NULL, 4, 0, '2026-07-01 00:00:00','2026-07-01 00:00:00'),
 (101,     '5G 模组',     '5G Module',         1,    1, 1, '2026-07-01 00:00:00','2026-07-01 00:00:00'),
 (102,     'NB-IoT 模组', 'NB-IoT Module',     1,    2, 1, '2026-07-01 00:00:00','2026-07-01 00:00:00'),
 (103,     'Cat.1 模组',  'Cat.1 Module',      1,    3, 1, '2026-07-01 00:00:00','2026-07-01 00:00:00'),
 (104,     'GNSS 定位模组','GNSS Module',       1,    4, 0, '2026-07-01 00:00:00','2026-07-01 00:00:00'),
 (10101,   '5G RedCap',   '5G RedCap',         101,  1, 1, '2026-07-01 00:00:00','2026-07-01 00:00:00'),
 (10102,   '5G Sub-6G',   '5G Sub-6G',         101,  2, 1, '2026-07-01 00:00:00','2026-07-01 00:00:00'),
 (201,     '智能座舱',    'Smart Cockpit',     2,    1, 1, '2026-07-01 00:00:00','2026-07-01 00:00:00'),
 (202,     'T-Box',       'T-Box',             2,    2, 1, '2026-07-01 00:00:00','2026-07-01 00:00:00'),
 (301,     '智慧城市',    'Smart City',        3,    1, 1, '2026-07-01 00:00:00','2026-07-01 00:00:00'),
 (302,     '智慧农业',    'Smart Agriculture', 3,    2, 0, '2026-07-01 00:00:00','2026-07-01 00:00:00');

-- ---------- 部门树（本地维护，UAA 不提供） ----------
DELETE FROM `sys_department` WHERE `id` IN (10,20,30,1001,1002,2001);
INSERT INTO `sys_department` (`id`,`name`,`parent_id`,`owner_id`,`owner_name`,`sort_order`,`is_active`,`create_time`,`update_time`) VALUES
 (10,   '华东大区',   NULL, 9002, '张伟', 1, 1, '2026-07-01 00:00:00','2026-07-01 00:00:00'),
 (20,   '华南大区',   NULL, NULL, NULL,   2, 1, '2026-07-01 00:00:00','2026-07-01 00:00:00'),
 (30,   '产品管理部', NULL, 9003, '李娜', 3, 1, '2026-07-01 00:00:00','2026-07-01 00:00:00'),
 (1001, '上海销售组', 10,   9002, '张伟', 1, 1, '2026-07-01 00:00:00','2026-07-01 00:00:00'),
 (1002, '杭州销售组', 10,   NULL, NULL,   2, 1, '2026-07-01 00:00:00','2026-07-01 00:00:00'),
 (2001, '深圳销售组', 20,   9004, '王强', 1, 1, '2026-07-01 00:00:00','2026-07-01 00:00:00');

-- ---------- 产品线（运营维护；SLA L1 升级人来源） ----------
DELETE FROM `product_line` WHERE `id` IN (501,502,503,504,505);
INSERT INTO `product_line` (`id`,`name`,`description`,`is_active`,`version`,`create_time`,`update_time`) VALUES
 (501, '无线模组产品线', '5G/Cat.1/NB-IoT 等无线通信模组', 1, 0, '2026-07-01 00:00:00','2026-07-01 00:00:00'),
 (502, '低功耗产品线',   'NB-IoT/低功耗广域网',            1, 0, '2026-07-01 00:00:00','2026-07-01 00:00:00'),
 (503, '车载产品线',     '智能座舱/T-Box 车规产品',        1, 0, '2026-07-01 00:00:00','2026-07-01 00:00:00'),
 (504, '天线产品线',     'GNSS/LTE/蓝牙天线',              1, 0, '2026-07-01 00:00:00','2026-07-01 00:00:00'),
 (505, '定位产品线',     'GNSS/RTK 高精度定位',            1, 0, '2026-07-01 00:00:00','2026-07-01 00:00:00');

-- ---------- 用户（dev 固定 id；正式 id 来自 UAA。角色覆盖 sales/product_manager/admin） ----------
DELETE FROM `sys_user` WHERE `id` IN (9001,9002,9003,9004);
INSERT INTO `sys_user` (`id`,`username`,`name`,`employee_id`,`role`,`department_id`,`department_name`,`status`,`email`,`language`,`version`,`create_time`,`update_time`) VALUES
 (9001, 'admin', '运营管理员', 'E0001', 'admin',           NULL, NULL,       'active', 'admin@quectel.com', 'zh-CN', 0, '2026-07-01 00:00:00','2026-07-01 00:00:00'),
 (9002, 'zhangwei', '张伟',   'E1001', 'sales',           1001, '上海销售组', 'active', 'zhangwei@quectel.com', 'zh-CN', 0, '2026-07-01 00:00:00','2026-07-01 00:00:00'),
 (9003, 'lina', '李娜',       'E1002', 'product_manager', 10,   '华东大区',   'active', 'lina@quectel.com', 'zh-CN', 0, '2026-07-01 00:00:00','2026-07-01 00:00:00'),
 (9004, 'wangqiang', '王强',  'E1003', 'sales',           2001, '深圳销售组', 'active', 'wangqiang@quectel.com', 'zh-CN', 0, '2026-07-01 00:00:00','2026-07-01 00:00:00');

-- ---------- 产品线成员（is_owner=1 即 SLA L1 升级人） ----------
DELETE FROM `product_line_member` WHERE `id` IN (601,602,603,604);
INSERT INTO `product_line_member` (`id`,`product_line_id`,`user_id`,`user_name`,`is_owner`,`create_time`) VALUES
 (601, 501, 9003, '李娜', 1, '2026-07-01 00:00:00'),
 (602, 501, 9002, '张伟', 0, '2026-07-01 00:00:00'),
 (603, 503, 9003, '李娜', 1, '2026-07-01 00:00:00'),
 (604, 502, 9003, '李娜', 1, '2026-07-01 00:00:00');

-- =============================================================================
-- 说明：商机/需求/方案/评论等业务数据不预置种子（由联调或页面产生）。
-- 若需 demo 业务数据，可另出 data-demo.sql，勿混入本文件。
-- =============================================================================
